Dish,Per Serving Household Measure, B-Carotene , Calcium , Carbohydrate , Cholesterol , Dietary fibre , Energy , Iron , Monounsaturated fat , Phosphorus , Polyunsaturated fat , Potassium , Protein , Retinol , Riboflavin , Saturated fat , Selenium , Sodium , Starch , Sugar , Thiamin , Total fat , Vitamin A , Vitamin C , Vitamin D , Water , Whole-grains , Zinc 
 Ayam penyet with rice , Plate-23cm (499g) ,68.16,132.09,77.2,120.46,4.44,935.63,6.34,12.18,543.36,5.04,735.13,84.28,7.49,0.85,11.43,49.75,1591.76,62.87,12.72,0.1,32.48,18.91,1.65,9.48,306.39,0.0,5.69
" BBQ Turkey Bacon Double Cheeseburger, Burger King ", Whole (221g) ,0.0,302.77,38.87,90.61,2.87,623.22,4.57,11.99,400.01,1.49,525.98,35.36,0.0,0.77,13.54,7.51,1180.14,23.21,10.23,0.38,35.05,121.55,1.55,0.0,103.54,0.0,5.9
 Bak kut teh , Bowl-soup (16 and 1/2 cm) (458g) ,0.0,361.82,0.0,164.88,0.0,348.08,3.21,9.16,0.0,3.66,0.0,30.23,0.0,0.0,10.08,0.0,1415.22,0.0,0.0,0.0,25.19,0.0,0.0,0.0,393.88,0.0,0.0
" Bak kut teh, soup only ", Bowl-soup (16 and 1/2 cm) (417g) ,0.0,175.14,9.59,33.36,0.0,50.04,0.0,0.13,79.23,0.17,233.52,2.09,0.0,0.21,0.08,0.0,3807.21,0.0,5.84,0.38,0.42,0.0,0.0,0.0,401.57,0.0,0.0
 Baked durian mooncake , Slice (25g) ,1.25,14.4,12.44,0.75,0.68,102.35,0.44,2.22,36.2,0.79,41.38,1.28,0.0,0.03,2.03,5.83,46.38,4.33,8.11,0.0,5.28,1.25,0.13,0.0,5.54,0.0,0.24
 Ban mian soup , Bowl-soup (16 and 1/2 cm) (528g) ,607.2,84.48,48.05,232.32,3.17,475.2,1.06,9.5,174.24,3.17,491.04,21.65,121.44,0.9,8.45,181.63,2196.48,48.05,0.01,0.21,21.65,221.76,0.01,0.0,435.07,0.0,1.58
 Banana fritter , Piece (65g) ,24.7,30.55,35.88,0.0,2.28,196.95,0.52,1.37,28.6,0.26,217.75,1.43,0.0,0.08,3.45,0.72,103.35,7.41,13.59,0.0,5.33,3.9,0.65,0.0,34.58,0.0,0.33
" Beans broad, coated with satay powder, deep fried ", Cup (121g) ,6.29,71.15,40.39,4.48,11.28,472.63,2.92,10.01,266.44,3.06,681.35,22.84,5.81,0.15,10.26,44.29,1130.87,30.47,9.92,0.14,24.41,6.9,0.0,0.0,3.29,0.0,2.15
 Beef ball kway teow soup , Bowl-soup (16 and 1/2 cm) (550g) ,0.0,115.5,86.35,38.5,5.5,627.0,7.15,5.61,275.0,1.21,203.5,38.5,5.5,0.28,6.99,25.85,1496.0,86.35,0.0,0.22,14.3,5.5,0.0,0.0,442.75,0.0,4.4
 Beef burger with cheese , Whole (118g) ,0.0,0.0,32.0,41.01,2.31,300.12,0.0,0.0,0.0,0.0,0.0,17.0,0.0,0.0,5.99,0.0,690.01,0.0,0.0,0.0,12.0,0.0,0.0,0.0,0.0,0.0,0.0
 Beef noodles soup , Bowl-soup (16 and 1/2 cm) (789g) ,3080.78,284.61,59.91,50.98,5.33,412.15,4.68,2.22,221.86,1.45,922.12,29.14,0.0,0.58,2.07,4.11,3978.37,46.74,13.0,0.26,5.98,514.34,119.62,0.0,677.97,0.0,5.84
 Beef rendang , 1 portion (267g) ,419.19,66.75,3.74,237.63,7.48,596.03,8.28,13.08,429.87,3.2,803.67,68.09,120.15,1.28,16.55,189.3,1337.67,1.6,2.14,0.51,34.44,189.57,0.0,0.0,149.25,0.0,13.62
" Beef satay, without satay sauce ", Stick (12g) ,0.0,2.88,2.3,19.68,0.0,28.74,0.55,0.4,23.76,0.07,36.12,2.92,2.04,0.09,0.37,3.71,27.96,0.05,2.26,0.01,0.88,2.04,0.0,0.0,5.39,0.0,0.78
" Beef, rendang with soya sauce, simmered (Malay) ", Plate-16cm (138.18g) ,616.42,34.96,3.76,89.18,1.98,312.7,5.94,1.98,251.07,0.39,486.53,30.32,0.0,0.21,16.33,33.16,960.21,0.68,3.08,0.07,19.61,102.74,0.0,0.0,75.67,0.0,13.93
" Biscuit, savoury, salada style ", Piece (15g) ,1.95,3.0,9.3,2.4,0.54,62.1,0.27,0.62,23.25,0.2,21.6,1.29,0.6,0.03,0.89,1.58,139.05,9.24,0.06,0.03,2.04,0.9,0.0,0.0,0.59,0.0,0.14
 Braised duck rice , Plate-23cm (417g) ,0.38,26.85,83.44,100.41,0.75,748.43,4.42,15.14,0.0,4.46,0.0,26.48,42.33,0.0,11.38,0.0,1680.93,0.0,0.0,0.0,33.61,42.41,0.0,0.0,266.71,0.0,0.0
 Braised duck with yam rice , Plate-23cm (350g) ,45.5,21.0,95.55,21.0,3.5,556.5,2.1,2.8,182.0,1.4,259.0,21.0,0.0,0.6,2.59,0.0,1081.5,86.1,1.75,0.42,9.8,7.0,0.0,0.0,220.15,0.0,1.75
 Braised pork ribs with black bean sauce , Plate-16cm (105.46g) ,94.18,73.61,2.51,66.62,1.59,185.93,2.27,4.99,117.9,2.06,189.62,16.55,18.46,0.15,4.58,24.15,293.81,0.54,1.97,0.22,12.19,34.15,1.58,0.0,71.54,0.0,4.22
" Brown rice laksa noodles, cooked ", Bowl-rice (11and 1/2 cm) (200g) ,0.0,7.2,72.2,0.0,2.7,312.0,0.54,0.36,9.0,0.12,30.6,3.4,0.0,0.08,0.18,0.0,19.26,72.2,0.0,0.0,0.9,0.0,0.0,0.0,110.4,0.0,0.9
" Brown rice porridge, plain ", Bowl-rice (11and 1/2 cm) (256g) ,0.0,10.24,14.85,0.0,0.77,76.8,0.51,0.15,71.68,0.13,51.2,3.07,0.0,0.0,0.1,30.72,10.24,14.85,0.0,0.05,0.51,0.0,0.0,0.0,233.73,0.0,0.51
 Bulgogi Gimbap (Korean Rice Roll with Spicy Beef) , 1 portion (185g) ,1668.7,39.04,27.75,0.0,1.85,229.4,1.78,2.65,0.0,1.24,0.0,14.43,17.76,0.0,2.7,0.0,664.15,23.87,3.89,0.0,6.83,296.0,1.48,0.0,126.36,0.0,0.0
 Caesar salad , 1 portion (213g) ,0.0,183.18,5.71,10.65,3.41,93.72,1.3,0.98,168.27,0.3,460.08,6.77,0.0,0.08,2.52,0.43,176.79,0.0,4.43,0.09,4.37,643.26,30.03,0.0,191.08,0.0,0.0
 Cafe 26 oriental salad dressing , Dessertspoon (10g) ,0.0,0.0,4.4,0.0,0.0,85.0,0.0,0.0,0.0,0.0,0.0,0.1,0.0,0.0,0.0,0.0,62.0,0.0,4.15,0.0,0.15,0.0,0.0,0.0,0.0,0.0,0.0
 Cafe 26 tangy salad dressing , Dessertspoon (10g) ,0.0,0.0,3.2,0.0,0.0,74.0,0.0,0.0,0.0,0.0,0.0,0.2,0.0,0.0,0.1,0.0,57.0,0.0,2.4,0.0,0.1,0.0,0.0,0.0,0.0,0.0,0.0
" Carrot cake with egg, plain, mashed & fried ", Plate-20cm (350g) ,0.0,80.5,15.4,231.0,5.6,402.5,6.65,13.93,238.0,4.48,199.5,12.25,35.0,0.84,14.04,25.9,1326.5,15.4,0.0,0.11,32.55,35.0,0.0,0.0,246.05,0.0,1.75
 Cereal prawn , Plate-20cm (450g) ,598.5,1017.0,3.15,391.5,12.6,1107.0,27.9,30.02,967.5,8.55,981.0,93.6,486.0,0.63,41.4,171.9,2578.5,3.15,0.0,1.49,80.1,585.0,0.0,52.38,205.2,0.0,6.75
 Char kway teow , Plate-23cm (384g) ,0.0,195.84,76.03,234.24,7.3,744.96,6.53,4.61,0.0,3.07,0.0,22.66,0.0,0.0,29.18,0.0,1459.2,72.96,3.07,0.0,38.4,0.0,0.0,0.0,238.08,0.0,0.0
 Char siew chee cheong fun , Piece (80.5g) ,-0.81,9.66,11.27,4.83,1.85,65.03,0.4,0.48,0.0,0.16,0.0,2.01,-0.81,0.0,0.64,0.0,204.47,0.0,0.0,0.0,1.29,-0.81,0.0,0.0,65.21,0.0,0.0
 Chee cheong fun , Piece (101.33g) ,0.0,6.08,25.64,0.0,1.22,133.2,0.3,0.71,0.0,0.41,0.0,2.53,0.0,0.0,1.01,0.0,271.56,0.0,0.0,0.0,2.23,0.0,0.0,0.0,68.9,0.0,0.0
 Chee pah , Piece (55g) ,0.0,4.4,27.67,0.0,0.44,166.1,0.5,0.0,44.0,0.0,60.5,4.46,1.1,0.01,0.0,0.0,22.0,0.0,0.0,0.04,4.18,1.1,0.0,0.0,17.99,0.0,0.0
" Cheesy BBQ Meltz, KFC ", Whole (200g) ,0.0,0.0,39.4,0.0,0.0,558.0,0.0,0.0,0.0,0.0,0.0,24.0,0.0,0.0,13.4,0.0,1622.0,0.0,0.0,0.0,34.2,0.0,0.0,0.0,0.0,0.0,0.0
 Chendol , Packet (368g) ,0.0,47.84,58.88,0.0,4.05,386.4,2.94,0.99,114.08,0.33,404.8,5.52,0.0,0.07,12.14,0.0,195.04,15.82,43.79,0.04,14.72,0.0,0.0,0.0,287.78,0.0,0.74
" Chendol, durian ", Bowl-dessert (15 cm) (398g) ,0.0,58.51,53.25,0.0,10.35,408.75,0.0,1.19,105.87,0.28,518.99,5.73,0.0,0.23,16.64,9.55,169.15,26.47,26.79,0.07,19.22,0.0,0.0,0.0,314.78,0.0,0.8
" Chendol, mango ", Bowl-soup (16 and 1/2 cm) (383g) ,218.31,61.28,46.73,0.0,4.6,333.21,1.92,0.96,118.73,0.27,467.26,4.98,0.0,0.04,12.14,12.26,210.65,9.19,37.53,0.04,14.17,34.47,1.15,0.0,308.32,0.0,0.77
 Chicken briyani , Plate-23cm (400g) ,160.0,80.0,88.0,136.0,7.2,756.4,4.0,11.2,0.0,4.4,0.0,33.6,0.0,0.0,12.8,0.0,1428.0,0.0,0.0,0.0,30.0,28.0,0.0,20.24,240.0,0.0,0.0
 Chicken curry noodles , Bowl-soup (16 and 1/2 cm) (532g) ,393.15,183.54,48.62,103.21,7.45,807.58,3.03,18.09,200.03,6.22,524.55,36.6,53.2,0.29,25.27,101.08,2581.26,47.93,0.69,0.18,51.87,118.74,-5.32,0.0,366.76,0.0,-5.32
" Chicken satay, without peanut sauce ", Stick (9g) ,0.0,1.89,1.8,9.18,0.0,21.36,0.14,0.23,18.63,0.08,30.42,2.46,1.08,0.04,0.15,0.0,23.13,0.08,1.72,0.01,0.49,1.08,0.0,0.0,4.13,0.0,0.05
 Chilli crab , Plate-23cm (300g) ,465.0,550.5,14.7,441.0,0.03,424.47,7.5,9.3,0.0,3.3,0.0,33.9,0.03,0.0,11.7,0.0,1608.0,0.0,0.0,0.0,25.5,77.52,0.0,0.0,213.0,0.0,0.0
 Chwee kueh , Whole (57.33g) ,0.0,8.03,10.72,1.15,1.09,56.59,0.4,0.34,0.0,0.11,0.0,1.03,0.0,0.0,0.57,0.0,230.47,0.0,0.0,0.0,1.03,0.0,0.0,0.0,43.0,0.0,0.0
" Claypot rice with salted fish,chicken and chinese sausages ", Plate-23cm (350g) ,0.0,70.0,54.6,98.0,3.5,527.1,1.75,8.4,0.0,3.15,0.0,28.35,0.0,0.0,9.1,0.0,1281.0,0.0,0.0,0.0,21.7,0.0,0.0,0.0,238.0,0.0,0.0
" Claypot rice, with mixed vegetable ", Bowl-soup (16 and 1/2 cm) (407g) ,2165.24,44.77,63.49,8.14,6.51,419.21,1.63,4.97,142.45,2.89,309.32,11.4,32.56,0.12,4.84,43.96,1416.36,59.42,4.07,0.08,13.43,394.79,4.88,0.0,292.23,0.0,2.04
" Claypot rice, with prawn ", Bowl-soup (16 and 1/2 cm) (387g) ,212.85,69.66,72.37,108.36,3.1,433.44,0.0,2.9,205.11,1.55,220.59,17.8,38.7,0.04,3.02,129.65,1021.68,68.5,3.87,0.08,7.74,73.53,1.55,0.0,271.29,0.0,2.71
" Claypot rice, with stewed beef ", Plate-23cm (407g) ,402.93,36.63,85.88,109.89,4.07,643.06,3.26,7.16,240.13,2.08,366.3,34.19,52.91,0.16,7.73,69.6,879.12,83.44,2.85,0.12,17.91,118.03,0.81,0.0,267.4,0.0,5.7
 Coconut kueh tutu , Piece (20g) ,-0.2,1.6,11.54,-0.2,0.42,61.6,0.1,0.06,8.6,0.02,15.0,0.86,-0.2,0.0,1.17,-0.2,2.4,6.9,4.3,0.0,1.32,-0.2,-0.2,0.0,6.22,0.0,0.14
 Curry fish head , Bowl-soup (16 and 1/2 cm) (1320.5g) ,660.25,665.53,48.86,448.97,18.49,1391.83,22.46,18.49,0.0,7.92,0.0,91.11,2244.85,0.0,60.74,0.0,4793.42,0.0,0.0,0.0,91.11,2354.85,0.0,0.0,1043.2,0.0,0.0
" Curry puff, beef ", Piece (78.4g) ,109.76,21.95,24.38,26.66,2.2,265.78,1.72,4.78,0.0,0.71,0.0,7.29,-0.78,0.0,9.25,0.0,454.72,0.0,0.0,0.0,15.44,18.03,0.0,0.0,29.01,0.0,0.0
" Curry puff, chicken ", Piece (115g) ,46.0,2.3,26.8,24.15,3.34,339.25,1.84,9.07,80.5,2.59,271.4,8.4,31.05,0.08,9.46,14.03,388.7,23.46,3.45,0.1,22.08,39.1,0.0,0.0,51.52,0.0,0.69
" Curry puff, frozen, deep fried ", Piece (90g) ,17.1,14.4,25.83,0.0,1.53,318.6,0.81,7.41,54.9,1.76,127.8,9.63,8.1,0.03,9.26,0.0,409.5,15.48,10.26,0.07,19.62,10.8,0.0,0.0,26.64,0.0,0.27
" Curry puff, potato and mutton filling, deep fried ", Piece (138g) ,135.24,34.5,42.5,22.08,3.86,401.58,2.21,8.68,92.46,1.48,393.3,8.42,6.9,0.06,10.86,36.98,800.4,40.3,2.21,0.11,21.94,28.98,0.0,0.0,54.1,0.0,0.55
" Curry puff, potato, and spices, deep fried ", Piece (40g) ,21.6,9.6,17.28,0.0,1.11,127.63,0.52,2.23,24.4,0.38,65.6,1.88,16.0,0.03,2.79,0.0,68.0,16.41,0.44,0.04,5.64,19.6,0.24,0.0,14.48,0.0,0.0
" Curry puff, twisted ", Piece (59g) ,18.88,21.83,6.61,0.0,0.41,127.48,1.12,0.0,33.04,0.0,125.08,3.07,30.09,0.12,0.0,0.0,168.74,0.0,0.0,0.14,9.85,33.04,0.0,0.0,38.17,0.0,0.0
 Deep fried carrot cake , Piece (130g) ,23.4,35.1,27.17,4.55,1.17,179.4,1.43,2.73,37.7,0.91,47.45,3.38,0.0,0.0,2.73,3.25,475.8,25.74,1.43,0.0,6.37,3.9,0.26,0.0,89.05,0.0,0.52
 Deep fried fish bee hoon soup with milk , Bowl-soup (16 and 1/2 cm) (800g) ,14.7,189.25,66.23,47.84,1.62,641.52,3.08,6.92,609.72,3.33,1219.7,46.31,65.38,0.61,7.4,113.36,2707.91,56.37,8.67,0.15,19.87,68.02,0.24,0.0,659.11,0.0,1.32
" Dim sum, beancurd roll ", Piece (33.33g) ,27.66,13.63,1.05,4.8,0.24,66.26,0.0,1.97,35.83,0.73,50.56,4.67,10.3,0.07,1.9,13.77,183.08,0.34,0.71,0.04,4.82,14.9,0.0,0.0,20.18,0.0,0.39
" Dim sum, chicken feet with dark sauce, stewed ", Plate-16cm (108g) ,0.0,278.64,0.54,22.68,2.27,155.52,1.19,4.86,158.76,2.05,29.16,14.26,0.0,0.27,3.35,1.4,470.88,0.0,0.54,0.04,10.8,0.0,0.0,0.0,76.68,0.0,0.65
" Dim sum, dumpling, chives with minced prawn, steamed ", Piece (34g) ,148.58,14.28,5.13,9.52,0.82,47.94,0.2,0.79,22.44,0.41,60.86,2.55,0.0,0.02,0.57,0.0,163.54,3.3,0.24,0.02,1.9,24.82,0.0,0.0,23.87,0.0,0.14
" Dim sum, dumpling, yam, deep fried ", Piece (69g) ,6.21,9.66,22.98,3.45,2.07,201.48,0.35,4.84,58.65,1.38,148.35,2.9,2.07,0.05,5.42,0.0,793.5,19.6,1.24,0.05,12.28,3.45,0.0,0.0,29.95,0.0,0.35
" Dim sum, pork ribs ", 1 portion (100g) ,-1.0,28.0,4.6,51.7,1.0,168.0,0.6,4.17,104.0,1.05,172.0,15.9,2.0,0.08,3.8,-1.0,626.0,0.3,2.1,0.65,9.6,2.0,-1.0,0.0,68.1,0.0,1.2
" Dim sum, pork tart, BBQ ", Piece (49g) ,0.0,6.86,14.06,18.62,0.54,180.81,0.29,4.17,46.55,1.3,53.41,4.8,4.9,0.05,5.64,0.05,380.24,11.66,1.67,0.08,11.76,4.9,0.0,0.0,17.89,0.0,0.44
" Dim sum, sharkfin dumpling ", Piece (26.67g) ,0.0,7.2,2.36,8.93,0.29,41.05,0.0,0.9,18.64,0.33,28.11,3.05,5.07,0.0,0.83,10.56,139.56,1.86,0.5,0.02,2.15,5.07,0.0,0.0,18.46,0.0,0.44
" Dim sum, siew mai, steamed ", Piece (16g) ,2.08,6.88,2.8,3.52,0.29,28.64,0.14,0.53,12.32,0.28,11.84,1.41,0.16,0.01,0.44,0.53,99.04,1.34,1.22,0.01,1.33,0.48,0.0,0.0,10.21,0.0,0.08
" Dim sum, turnip cake, steamed ", Piece (49g) ,0.0,6.37,10.63,2.45,1.23,65.66,0.25,0.82,17.15,0.25,54.39,1.23,0.0,0.03,0.84,0.0,196.0,7.2,2.5,0.13,2.01,0.0,0.0,0.0,34.69,0.0,0.1
" Dim sum, you tiao ", Piece (18g) ,0.0,1.08,5.96,6.3,0.36,61.38,0.04,1.32,9.18,0.35,5.94,1.49,0.18,0.0,1.48,0.09,34.56,5.53,0.29,0.0,3.53,0.18,0.0,0.0,6.62,0.0,0.02
 Dodol berdurian , Piece (22g) ,46.42,2.86,15.86,0.0,0.02,75.24,1.43,0.0,5.06,0.0,13.2,0.55,20.46,0.05,0.0,0.0,8.8,0.0,0.0,0.05,1.06,28.16,0.0,0.0,4.42,0.0,0.0
" Double Cheeseburger, McDonalds' ", Whole (163g) ,0.0,260.8,33.01,53.79,3.99,433.58,3.47,7.32,264.06,0.72,353.71,24.45,0.0,0.4,12.7,0.0,1080.69,0.0,7.6,0.26,22.01,0.0,0.65,0.0,77.87,0.0,3.91
 Drunken prawn , Bowl-soup (16 and 1/2 cm) (186g) ,0.0,130.2,0.0,230.64,0.0,193.44,0.19,0.93,561.72,0.0,636.12,40.73,0.0,0.99,1.49,107.14,478.02,0.0,0.0,0.04,3.53,0.0,0.0,0.0,140.62,0.0,2.79
 Dry prawn noodles , Bowl-soup (16 and 1/2 cm) (345g) ,103.5,82.8,65.21,48.3,5.18,460.93,2.42,4.49,0.0,2.07,0.0,20.36,0.0,0.0,6.21,0.0,1935.45,0.0,0.0,0.0,13.11,17.25,0.0,0.0,238.05,0.0,0.0
" Duck rice, with skin removed ", Plate-23cm (350g) ,0.0,157.75,88.94,84.88,3.61,563.85,1.65,5.11,291.2,2.03,260.23,25.83,25.55,0.3,3.85,122.05,346.33,87.26,1.68,0.29,11.66,25.55,0.0,0.0,220.99,0.0,2.87
 Durian , Seed (27g) ,109.62,1.35,7.99,0.0,0.86,44.55,0.14,0.51,11.61,0.07,14.58,0.68,0.0,0.06,0.3,0.0,0.81,1.76,5.7,0.07,1.11,18.36,5.78,0.0,16.77,0.0,0.08
 Durian Pancake , Piece (50g) ,0.0,11.25,13.0,0.0,2.3,83.0,0.3,0.79,0.0,0.2,0.0,2.1,2.8,0.0,1.5,0.0,28.3,6.95,6.05,0.0,2.49,2.8,4.95,0.0,25.05,0.0,0.0
 Durian cake , Slice (90g) ,52.2,25.2,13.14,40.5,1.62,196.2,0.81,2.61,83.7,1.62,134.1,3.87,41.4,0.2,9.36,0.99,108.0,4.23,8.91,0.01,14.22,50.4,0.0,0.0,50.4,0.0,0.0
 Durian fermented , Tablespoon (15g) ,10.35,2.1,2.94,0.0,0.23,16.96,0.15,0.0,5.25,0.0,70.5,0.41,0.0,0.06,0.0,0.0,86.55,0.0,0.0,0.03,0.39,1.8,0.0,0.0,10.67,0.0,0.0
 Durian ice kacang , Bowl-dessert (15 cm) (450g) ,0.0,126.0,49.95,0.0,14.85,274.5,0.9,2.16,103.5,0.59,445.5,5.85,0.0,0.18,2.52,31.05,108.0,13.5,36.45,0.14,5.4,0.0,2.7,0.0,361.8,0.0,0.9
 Durian pudding , Packet (189g) ,20.79,94.5,41.39,0.0,5.29,262.71,0.19,1.02,88.83,0.15,228.69,5.67,0.0,0.23,5.22,0.38,90.72,9.26,23.25,0.15,8.32,3.78,2.46,0.0,133.06,0.0,0.19
 Durian puff , Piece (30g) ,20.7,14.7,6.87,22.8,0.78,76.5,0.18,1.46,24.3,0.25,41.4,1.41,57.6,0.03,2.9,3.93,68.7,4.14,2.73,0.02,4.83,60.9,0.42,0.0,15.33,0.0,0.12
 Durian wafer , Piece (18g) ,0.0,2.88,13.19,0.54,0.31,76.5,0.14,0.68,12.06,0.17,15.84,1.26,1.8,0.01,1.1,1.76,5.04,7.74,5.45,0.01,2.07,1.8,0.0,0.0,0.27,0.0,0.04
" Durian, Malaysian, mid-range ", Whole (41g) ,16.4,1.64,12.75,0.0,1.27,65.6,0.29,0.5,17.63,0.06,22.14,1.03,0.0,0.05,0.35,0.0,3.28,2.26,9.84,0.0,1.15,2.87,4.76,0.0,25.13,0.0,0.12
" Durian, raw ", Seed (37.8g) ,56.7,15.12,10.55,0.0,1.44,57.83,0.72,0.56,16.63,0.06,26.46,1.02,0.0,0.05,0.39,0.0,15.12,1.66,7.3,0.04,1.29,9.45,8.81,0.0,24.23,0.0,0.11
" Fast foods, salad, vegetable, tossed, without dressing, with chicken ", Cup (145g) ,0.0,24.65,2.48,47.85,0.0,69.6,0.73,0.45,113.1,0.37,297.25,11.6,4.35,0.09,0.38,10.3,139.2,0.0,0.0,0.07,1.45,15.56,11.6,0.0,126.22,0.0,0.59
" Fish ball mee pok, dry ", Plate-23cm (450g) ,0.0,58.5,60.3,32.85,4.95,481.5,2.7,5.54,247.5,2.21,112.5,31.05,129.15,0.0,5.72,20.25,2551.5,50.85,9.45,0.14,13.5,129.15,0.0,0.0,334.8,0.0,1.35
 Fish ball noodles dry , Bowl-soup (16 and 1/2 cm) (420g) ,0.0,79.8,70.56,54.6,5.04,474.6,2.52,3.78,0.0,2.1,0.0,24.78,0.0,0.0,4.2,0.0,2112.6,0.0,0.0,0.0,10.5,0.0,0.0,0.0,306.6,0.0,0.0
" Fish finger, grilled or baked ", Stick (23g) ,0.0,8.05,4.09,0.0,0.18,50.83,0.23,0.0,51.75,0.0,50.37,2.67,94.3,0.01,0.0,0.0,73.6,3.91,0.18,0.02,2.6,94.3,0.0,0.0,12.74,0.0,0.12
 Fish head ban mian soup , Bowl-soup (16 and 1/2 cm) (858g) ,994.42,570.57,84.94,184.47,12.53,868.3,4.8,12.01,561.13,4.29,617.76,63.32,203.35,0.59,12.87,283.14,2656.37,77.73,7.12,0.33,30.89,368.94,0.01,0.0,644.19,0.0,2.75
 Fish ngoh hiang , Piece (140g) ,-1.4,42.0,38.78,62.72,2.1,407.4,1.12,10.64,145.6,3.25,161.0,7.0,-1.4,0.1,9.77,-1.4,809.2,25.34,4.48,0.17,24.92,-1.4,-1.4,0.0,66.36,0.0,0.84
 Fish satay snack , Stick (45g) ,0.0,36.45,24.17,0.0,0.36,171.01,1.85,0.0,78.75,0.0,161.1,6.26,18.9,0.05,0.0,0.0,378.45,0.0,0.0,0.01,5.49,18.9,0.54,0.0,6.84,0.0,0.0
 Fried mee siam , Plate-23cm (450g) ,933.75,117.45,82.8,87.3,7.2,630.0,5.31,11.07,175.5,3.24,193.5,17.55,46.8,0.32,11.12,0.0,1278.0,70.2,12.6,0.09,25.65,202.5,0.0,0.0,301.95,0.0,1.8
 Fried plain carrot cake , Piece (80g) ,0.0,8.0,14.24,1.6,1.28,78.78,0.56,0.64,0.0,0.24,0.0,1.28,0.0,0.0,0.88,0.0,348.0,0.0,0.0,0.0,1.84,0.0,0.0,0.0,61.6,0.0,0.0
" Fried vegetarian bee hoon, plain ", Bowl-soup (16 and 1/2 cm) (299g) ,41.86,14.95,72.36,0.0,3.59,403.65,1.2,3.5,38.87,1.2,80.73,8.37,0.0,0.09,3.74,0.0,1118.26,57.71,14.65,0.06,8.97,5.98,0.3,0.0,205.71,0.0,0.6
 Frog leg claypot rice , 1 portion (405g) ,105.3,81.0,113.4,40.5,8.1,692.55,1.22,6.28,194.4,2.67,348.3,25.92,32.4,0.16,5.27,100.44,1672.65,108.54,4.86,0.16,14.99,48.6,0.0,0.0,235.31,0.0,2.03
" Fruit salad, canned in heavy syrup ", Cup (270g) ,0.0,13.5,52.65,0.0,4.86,222.83,0.81,0.0,0.0,0.0,280.8,1.35,777.6,0.14,0.0,0.0,5.4,0.0,52.65,0.05,0.27,129.6,10.8,0.0,205.74,0.0,0.81
" Fruit salad, canned in heavy syrup, drained ", Cup (255g) ,484.5,15.3,48.45,0.0,7.14,214.12,0.77,0.0,0.0,0.0,255.0,1.53,0.0,0.13,0.0,0.0,5.1,0.0,48.45,0.08,0.51,191.25,10.2,0.0,193.04,0.0,0.77
" Fruit salad, canned in pear juice ", Cup (255g) ,0.0,17.85,21.68,0.0,3.57,114.7,1.02,0.0,0.0,0.0,359.55,1.53,0.0,0.1,0.0,0.0,15.3,0.0,21.68,0.03,0.26,168.3,5.1,0.0,218.79,0.0,0.51
" Fruit salad, canned in pear juice, drained ", Cup (220g) ,704.0,15.4,18.04,0.0,4.84,101.05,0.88,0.0,0.0,0.0,264.0,1.76,0.0,0.09,0.0,0.0,13.2,0.0,18.04,0.02,0.22,248.6,4.4,0.0,187.0,0.0,0.44
" Fruit salad, canned in pineapple juice ", Cup (260g) ,0.0,15.6,28.6,0.0,4.42,133.74,1.04,0.0,0.0,0.0,408.2,1.82,0.0,0.1,0.0,0.0,5.2,0.0,28.6,0.03,0.26,176.8,15.6,0.0,220.48,0.0,1.04
" Fruit salad, canned in pineapple juice, drained ", Cup (250g) ,725.0,15.0,27.0,0.0,6.0,132.78,1.0,0.0,0.0,0.0,375.0,2.25,0.0,0.13,0.0,0.0,5.0,0.0,27.0,0.03,0.5,255.0,15.0,0.0,210.75,0.0,1.0
" Fruit salad, canned in syrup ", Cup (260g) ,0.0,13.0,28.6,0.0,2.86,132.5,1.04,0.0,0.0,0.0,260.0,1.04,0.0,0.05,0.0,0.0,10.4,0.0,28.6,0.05,0.26,101.4,2.6,0.0,221.0,0.0,0.52
" Fruit salad, canned in syrup, drained ", Cup (220g) ,418.0,15.4,25.3,0.0,3.96,114.2,0.88,0.0,0.0,0.0,220.0,1.32,0.0,0.04,0.0,0.0,8.8,0.0,23.32,0.04,0.22,151.8,2.2,0.0,185.46,0.0,0.44
" Grains based salad with 3 vegetable toppings, no dressing ", Bowl-soup (16 and 1/2 cm) (302g) ,4116.26,49.53,39.56,0.0,5.74,253.68,2.66,3.26,0.0,2.14,0.0,9.36,0.0,0.0,1.18,0.0,428.84,31.11,8.46,0.0,6.58,685.54,24.76,0.0,224.39,0.0,0.0
" Grains based salad with chicken and 3 vegetable toppings, no dressing ", Bowl-soup (16 and 1/2 cm) (359g) ,5916.32,53.13,34.11,0.0,8.26,344.64,2.73,3.84,0.0,2.51,0.0,33.75,34.11,0.0,1.76,0.0,660.56,26.21,7.9,0.0,8.11,1019.56,25.49,0.0,261.71,0.0,0.0
" Grains based salad with fish and 3 vegetable toppings, no dressing ", Bowl-soup (16 and 1/2 cm) (357g) ,5065.83,60.33,34.63,0.0,7.85,335.58,3.03,5.71,0.0,3.78,0.0,23.56,79.97,0.0,2.07,0.0,717.57,25.7,8.93,0.0,11.64,924.63,40.7,0.0,265.97,0.0,0.0
" Gravy, assam pedas ", Cup (200g) ,538.0,104.0,12.0,0.0,0.6,76.0,1.2,0.9,0.0,0.26,0.0,2.0,18.0,0.0,0.82,0.0,1100.0,0.4,11.6,0.0,2.0,108.0,0.0,0.0,0.0,0.0,0.0
" Gravy, for Indian rojak ", Dessertspoon (8g) ,50.8,1.28,1.34,0.0,0.0,7.12,0.02,0.06,2.08,0.04,8.4,0.11,0.0,0.01,0.04,0.0,32.72,0.26,1.09,0.0,0.14,8.48,0.0,0.0,5.97,0.0,0.06
" Gravy, laksa ", Bowl-soup (16 and 1/2 cm) (326g) ,68.46,88.02,20.21,0.0,5.22,355.34,4.89,2.48,153.22,0.68,355.34,6.19,26.08,0.03,22.62,0.0,1499.6,6.85,8.48,0.0,27.71,35.86,0.0,0.0,266.99,0.0,0.98
" Gravy, mee rebus ", 1 portion (222.18g) ,88.87,26.66,30.44,0.0,4.44,184.41,0.0,4.44,6.67,0.69,113.31,5.55,11.11,0.02,1.6,3.55,742.08,14.66,10.22,0.0,4.67,26.66,0.0,0.0,178.41,0.0,0.0
" Gravy, mee siam ", Bowl-soup (16 and 1/2 cm) (329g) ,148.05,62.51,45.07,0.0,2.3,259.91,2.63,0.0,118.44,1.25,243.46,6.25,3.29,0.0,2.9,5.59,2197.72,1.32,38.16,0.0,6.91,29.61,0.0,0.0,265.83,0.0,0.66
 Grilled stingray with sambal , Plate-20cm (244g) ,112.24,284.75,3.17,251.32,0.02,303.83,4.39,2.93,0.0,0.98,0.0,48.31,0.02,0.0,3.66,0.0,1534.76,0.0,0.0,0.0,10.74,18.71,0.0,0.0,173.24,0.0,0.0
" Ham Salad, Subway ", Bowl-dessert (15 cm) (344g) ,0.0,0.0,13.0,25.01,3.99,113.52,0.0,0.0,0.0,0.0,0.0,10.32,0.0,0.0,0.79,0.0,860.0,0.0,6.98,0.0,2.99,0.0,0.0,0.0,0.0,0.0,0.0
 Hokkien mee , Bowl-soup (16 and 1/2 cm) (442g) ,22.1,101.66,69.39,132.6,4.42,521.56,3.09,7.69,181.22,2.74,212.16,18.12,48.62,0.35,7.34,3.09,1423.24,52.16,17.24,0.09,19.01,53.04,0.0,0.0,330.62,0.0,1.33
 Hot and spicy beef noodles soup , Bowl-soup (16 and 1/2 cm) (279g) ,377.77,32.64,8.54,65.57,4.99,150.38,3.71,1.7,123.04,0.86,242.17,19.36,44.36,0.3,1.56,54.13,967.29,8.15,0.39,0.08,4.32,107.33,-2.79,0.0,233.91,0.0,2.29
 Ice kachang , Bowl-dessert (15 cm) (406g) ,0.0,42.22,54.81,0.0,3.65,255.78,1.62,0.49,0.0,0.37,0.0,5.68,30.04,0.0,0.73,0.0,152.66,10.15,44.66,0.0,1.62,30.04,0.0,0.0,327.24,0.0,0.0
" Indian rojak, tempeh, battered, fried ", Piece (60g) ,0.0,39.6,8.58,0.0,4.92,218.4,0.84,5.22,130.2,3.84,45.6,12.66,10.2,0.41,5.1,5.88,57.6,8.58,0.0,0.1,14.82,10.2,0.0,0.0,24.0,0.0,0.48
 Japanese Pork Ramen , 1 portion (587g) ,0.0,80.42,52.83,0.0,8.81,469.6,2.05,6.1,0.0,2.58,0.0,33.46,17.02,0.0,5.4,0.0,2254.08,48.72,4.11,0.0,14.15,17.02,0.0,0.0,467.25,0.0,0.0
 Japanese shio ramen , Bowl-soup (16 and 1/2 cm) (676g) ,73.01,171.7,59.49,0.0,2.03,621.92,2.57,10.88,0.0,4.8,0.0,39.21,64.9,0.0,9.53,0.0,3136.64,52.73,6.76,0.0,25.49,77.06,0.0,0.0,529.31,0.0,0.0
 Japanese shoyu ramen , Bowl-soup (16 and 1/2 cm) (659g) ,0.0,252.4,61.29,0.0,1.32,632.64,2.57,12.32,0.0,5.34,0.0,33.61,54.7,0.0,10.15,0.0,3123.66,54.7,6.59,0.0,27.88,54.7,0.0,0.0,520.61,0.0,0.0
 Kaya Toast with Butter , 1 portion (29g) ,0.0,11.92,14.79,0.0,0.15,108.75,0.24,1.02,0.0,0.21,0.0,1.91,41.18,0.0,3.29,0.0,108.46,9.48,5.31,0.0,4.67,41.18,0.0,0.0,7.37,0.0,0.0
 Kopi , Cup (194g) ,0.0,95.37,17.54,0.0,0.0,134.75,0.16,2.35,74.32,0.56,174.46,3.01,92.15,0.23,0.91,1.01,38.72,0.0,17.54,0.17,4.0,92.15,0.6,0.0,168.55,0.0,0.43
 Kopi C , Cup (194g) ,0.0,69.84,14.16,3.88,0.78,87.3,0.39,0.85,73.72,0.21,199.82,2.52,48.5,0.37,1.24,0.0,48.5,0.0,14.16,0.02,2.33,48.5,0.0,0.0,169.75,0.0,0.19
 Kopi C siu dai , Cup (194g) ,0.0,69.84,11.06,3.88,0.78,75.66,0.39,0.85,73.72,0.21,199.82,2.52,48.5,0.37,1.24,0.0,48.5,0.0,11.06,0.02,2.33,48.5,0.0,0.0,169.75,0.0,0.19
 Kopi O , Cup (250g) ,0.0,5.0,15.5,0.0,0.0,85.0,0.0,1.35,17.5,0.08,115.0,0.5,0.0,0.0,0.78,28.5,22.5,0.0,15.5,0.0,2.25,0.0,0.0,0.0,244.25,0.0,0.0
 Kopi O siu dai , Cup (194g) ,0.0,3.88,9.12,0.0,0.0,54.32,0.0,1.05,13.58,0.06,89.24,0.39,0.0,0.0,0.6,22.12,17.46,0.0,9.12,0.0,1.75,0.0,0.0,0.0,189.54,0.0,0.0
 Kopi siu dai , Cup (194g) ,0.0,48.5,13.19,1.94,0.0,104.76,0.0,1.92,52.38,0.43,176.54,1.75,44.62,0.1,2.41,22.5,36.86,0.0,13.19,0.1,5.04,44.62,0.0,0.0,169.17,0.0,0.0
 Korean bulgogi beef with rice , Bowl-rice (11and 1/2 cm) (450g) ,2357.28,115.2,72.09,77.85,3.2,583.16,5.4,7.34,248.72,2.39,736.56,34.11,2.75,0.59,7.25,12.78,785.12,60.71,8.19,0.14,17.51,364.14,10.89,0.0,319.41,0.0,6.39
 Kuih apam balik , Piece (115g) ,0.0,25.3,50.49,0.0,1.27,281.73,2.99,0.0,23.0,0.0,131.1,6.9,26.45,0.13,0.0,0.0,109.25,0.0,0.0,0.07,5.75,26.45,0.0,0.0,50.14,0.0,0.0
 Kuih bangkit sagu , Piece (4g) ,0.0,1.56,2.7,0.0,0.0,15.24,0.07,0.0,3.4,0.0,5.84,0.11,0.32,0.01,0.0,0.0,2.6,0.0,0.0,0.0,0.44,0.32,0.0,0.0,0.12,0.0,0.0
 Kuih koci pulut hitam , Piece (82g) ,0.82,24.6,32.55,0.0,0.9,164.04,0.9,0.0,1.64,0.0,7.38,4.67,4.92,0.04,0.0,0.0,15.58,0.0,0.0,0.32,1.64,4.92,0.0,0.0,39.93,0.0,0.0
 Kuih sagu , Piece (92g) ,0.0,0.92,29.62,0.0,0.55,130.61,0.83,0.0,7.36,0.0,17.48,0.28,4.6,0.05,0.0,0.0,18.4,0.0,0.0,0.0,1.2,4.6,1.84,0.0,60.08,0.0,0.0
 Kway chap , Bowl-soup (16 and 1/2 cm) (611g) ,0.01,140.53,69.65,348.27,4.28,649.85,3.67,9.17,0.0,4.89,0.0,32.99,0.01,0.0,11.61,0.0,2303.47,0.0,0.0,0.0,26.27,0.01,0.0,0.0,470.47,0.0,0.0
" Kway chap, noodles only ", Bowl-soup (16 and 1/2 cm) (206g) ,0.0,14.42,27.81,0.0,1.24,150.38,4.53,1.03,39.14,0.21,41.2,3.5,0.0,0.06,1.03,2.68,315.18,27.81,0.0,0.06,2.88,0.0,0.0,0.0,166.04,0.0,0.41
" Kway teow soup, with beef balls ", Bowl-soup (16 and 1/2 cm) (550g) ,0.01,33.0,62.15,33.0,2.2,364.13,2.75,-5.5,0.0,-5.5,0.0,18.15,0.01,0.0,-5.5,0.0,1930.5,0.0,0.0,0.0,4.4,0.01,0.0,0.0,456.5,0.0,0.0
 Laksa , Bowl-soup (16 and 1/2 cm) (650g) ,97.5,234.0,57.85,104.0,3.9,695.5,3.9,13.85,0.0,4.23,0.0,27.3,104.0,0.0,14.24,0.0,0.0,0.0,0.0,0.0,39.65,123.5,0.0,0.0,518.05,0.0,0.0
" Laksa lemak, without gravy ", Bowl-soup (16 and 1/2 cm) (585g) ,391.95,128.58,63.65,86.4,4.45,765.77,5.67,7.49,236.16,2.98,448.64,21.59,68.45,0.14,33.99,57.33,1592.96,55.52,8.13,0.08,47.21,133.77,0.59,0.0,443.9,0.0,2.87
" Laksa noodles, cooked ", Bowl-rice (11and 1/2 cm) (200g) ,0.0,8.0,68.8,0.0,0.72,278.0,0.54,0.08,10.0,0.02,30.0,0.36,0.0,0.08,0.08,0.0,34.0,64.2,1.4,0.0,0.18,0.0,0.0,0.0,110.4,0.0,0.9
 Laksa yong tauhu , Bowl-soup (16 and 1/2 cm) (602g) ,204.68,192.64,50.57,60.2,3.61,632.1,3.61,7.4,258.86,4.82,385.28,23.48,60.2,0.06,23.0,40.33,2215.36,47.56,3.01,0.06,37.32,96.32,2.41,0.0,484.61,0.0,1.81
" Laksa, leaf, fresh ", Tablespoon (3g) ,222.99,6.96,0.55,0.0,0.15,2.73,0.1,0.0,0.57,0.0,9.24,0.08,0.0,0.01,0.0,0.0,0.57,0.0,0.0,0.0,0.02,37.17,3.75,0.0,2.2,0.0,0.0
 Liver roll ngoh hiang , Cylindrical Piece/Tube (74g) ,0.0,14.8,10.95,65.12,1.18,276.02,6.66,7.33,134.68,2.66,138.38,9.92,9483.1,2.81,10.43,4.14,488.4,4.51,6.44,0.1,21.39,9483.1,-0.74,0.0,24.64,0.0,2.07
 Lontong goreng , Plate-16cm (146.9g) ,305.99,95.63,17.41,30.36,2.23,219.19,3.94,5.14,82.26,1.2,178.63,10.65,39.08,0.11,5.01,82.7,516.65,12.53,4.88,0.05,11.88,90.08,-1.47,0.0,102.7,0.0,4.52
 Lor mee , Bowl-soup (16 and 1/2 cm) (540g) ,0.0,81.0,55.08,140.4,6.48,383.4,3.24,3.78,0.0,2.16,0.0,14.58,0.01,0.0,4.86,0.0,2538.0,0.0,0.0,0.0,11.34,0.01,0.0,0.0,453.6,0.0,0.0
 Lor mee (NEW) , Bowl-soup (16 and 1/2 cm) (640g) ,0.0,70.4,84.48,109.44,4.48,595.2,5.12,7.87,313.6,2.56,153.6,25.6,0.0,0.0,6.85,10.88,3315.2,70.4,14.08,0.13,17.28,0.0,1.28,0.0,491.52,0.0,3.2
 Ma La Xiang Guo , 1 portion (463g) ,828.77,383.83,13.89,0.0,12.96,652.83,8.29,19.4,0.0,13.15,0.0,37.04,0.0,0.0,17.27,0.0,2139.06,9.72,4.17,0.0,50.0,137.97,4.17,0.0,336.6,0.0,0.0
 Mee goreng , Plate-23cm (360g) ,845.64,233.46,67.07,361.73,3.46,613.91,4.46,11.88,263.27,4.93,587.92,22.72,328.86,0.72,9.11,10.51,2607.05,44.6,22.54,0.28,28.15,470.12,39.85,0.0,229.46,0.0,2.66
" Mee goreng, mamak style ", Plate-23cm (170g) ,102.0,32.3,40.63,0.0,2.11,281.57,2.21,3.79,54.4,1.16,78.2,9.35,45.9,0.14,3.67,0.0,1111.8,37.23,3.4,0.03,9.01,62.9,2.89,0.0,107.1,0.0,0.0
 Mee rebus , Plate-23cm (571g) ,2103.16,183.8,78.0,146.4,11.25,559.24,8.45,4.05,292.24,1.77,789.69,21.01,51.16,0.4,3.6,12.9,2268.87,16.73,14.22,0.34,18.16,401.47,21.53,0.0,431.79,0.0,3.65
" Mee rebus, without gravy ", Bowl-soup (16 and 1/2 cm) (463g) ,2818.28,193.12,55.33,204.04,10.97,474.11,1.94,8.33,281.27,3.52,377.62,18.52,73.62,0.16,7.13,73.02,1895.99,39.73,15.6,0.1,19.86,543.33,0.0,0.0,352.44,0.0,1.34
 Mee siam , Plate-23cm (577g) ,330.04,177.72,64.1,99.24,3.58,521.15,4.21,7.15,255.67,2.31,319.95,20.89,71.26,0.23,6.35,15.69,2346.66,54.18,54.18,0.17,19.27,126.36,4.9,0.0,461.83,0.0,2.42
" Mee siam, without gravy ", Plate-20cm (368g) ,890.56,99.36,81.7,95.68,11.78,563.04,2.58,8.28,235.52,2.32,154.56,15.46,106.72,0.22,8.17,2.21,1008.32,73.6,0.0,0.85,19.87,257.6,0.0,0.0,248.4,0.0,1.47
 Mee soto , Bowl-soup (16 and 1/2 cm) (541g) ,0.01,173.12,60.05,37.87,3.79,432.8,3.79,4.87,0.0,2.16,0.0,19.48,0.01,0.0,5.41,0.0,2677.95,0.0,0.0,0.0,12.98,0.01,0.0,0.0,438.21,0.0,0.0
 Mushrooom Fritter (Fried Mushroom) , 1 portion (173g) ,0.0,32.87,55.88,0.0,5.19,570.9,1.18,15.38,0.0,6.3,0.0,6.75,0.0,0.0,13.94,0.0,627.99,54.67,1.21,0.0,35.62,0.0,0.0,0.0,68.16,0.0,0.0
 Mutton briyani , Plate-23cm (505g) ,202.0,111.1,96.46,95.95,8.08,751.95,7.58,9.09,0.0,2.53,0.0,35.86,0.01,0.0,12.12,0.0,1858.4,0.0,0.0,0.0,24.75,35.35,0.0,0.0,338.35,0.0,0.0
 Mutton curry puff , Piece (121g) ,72.6,30.25,42.47,26.62,3.87,369.05,3.15,7.02,0.0,1.82,0.0,6.78,133.1,0.0,9.56,0.0,695.75,0.0,0.0,0.0,19.12,145.2,0.0,0.0,49.61,0.0,0.0
" Mutton satay, without satay sauce ", Stick (10g) ,0.0,2.7,2.12,10.6,0.0,28.61,0.47,0.49,18.8,0.07,28.0,2.49,2.9,0.06,0.52,3.17,29.4,0.0,2.12,0.0,1.13,2.9,0.05,0.0,4.17,0.0,0.39
 Nasi Lemak with chicken wing , Plate-23cm (412g) ,175.31,117.71,109.34,158.13,8.78,884.03,1.81,11.74,339.82,5.11,398.36,35.11,139.13,0.7,14.34,7.54,1181.99,0.0,0.0,0.21,33.58,167.4,0.0,0.0,197.02,0.0,3.21
" Nasi briyani, rice only ", 1 portion (224g) ,22.4,134.4,68.99,6.72,2.69,391.89,0.67,3.81,76.16,1.12,136.64,6.5,40.32,0.16,4.7,18.14,562.24,67.65,1.34,0.07,9.86,44.8,0.0,0.0,144.93,0.0,0.67
 Nasi lemak with fried egg only , Packet (210g) ,130.2,79.8,79.99,76.23,6.51,493.5,0.84,4.2,176.4,1.26,205.8,12.81,84.0,0.44,7.56,0.0,837.9,0.0,0.0,0.13,13.65,105.0,0.0,0.0,121.59,0.0,1.47
" Nasi lemak, rice only ", Plate-23cm (200g) ,0.0,12.0,73.6,0.0,1.0,379.54,1.2,1.0,74.0,0.4,126.0,6.2,0.0,0.16,5.0,2.8,344.0,72.8,0.8,0.02,6.8,0.0,0.0,0.0,118.6,0.0,1.6
" Ngoh hiang, meat roll ", Cylindrical Piece/Tube (59g) ,0.0,17.11,15.81,13.81,0.77,228.33,0.89,5.84,58.41,2.01,116.23,7.14,0.0,0.28,6.67,1.24,290.87,14.04,1.71,0.08,15.16,0.0,0.0,0.0,21.48,0.0,0.41
" Ngoh hiang, meat roll, bung bung ", Piece (72g) ,6.48,25.92,13.75,3.6,2.59,110.16,0.36,1.26,50.4,0.66,72.72,6.34,0.0,0.05,1.27,1.94,868.32,9.72,0.94,0.01,3.38,1.44,0.0,0.0,47.45,0.0,0.29
" Ngoh hiang, mixed items ", Piece (30g) ,7.5,30.6,6.3,4.8,0.78,68.33,0.39,1.14,0.0,0.6,0.0,2.28,0.0,0.0,1.83,0.0,145.8,0.0,0.0,0.0,3.75,1.2,0.0,0.0,16.8,0.0,0.0
" Ngoh hiang, prawn fritter, crispy ", Piece (49g) ,0.0,165.62,14.11,16.17,0.74,291.55,0.78,7.99,177.38,1.81,37.24,3.92,0.0,0.11,13.48,5.39,217.07,14.11,0.0,0.03,24.4,0.0,0.0,0.0,3.19,0.0,0.2
" Ngoh hiang, prawn fritter, dough ", Piece (72g) ,0.0,93.6,16.56,23.76,1.51,180.72,0.65,2.95,77.04,0.72,59.04,5.47,0.0,0.21,6.19,3.53,251.28,16.34,0.22,0.04,10.3,0.0,0.0,0.0,35.06,0.0,0.29
" Ngoh hiang, sausage ", Piece (49g) ,0.0,11.76,5.1,9.8,0.44,74.97,0.49,1.32,65.66,0.34,84.28,6.96,0.0,0.31,1.18,1.57,213.64,3.87,1.23,0.11,2.99,0.0,0.0,0.0,29.3,0.0,0.39
" Ngoh hiang, yam meat roll ", Piece (60g) ,0.0,14.4,22.8,12.0,1.44,178.8,0.48,2.16,64.2,0.54,165.0,3.48,11.4,0.14,5.16,1.32,292.2,20.7,2.1,0.02,8.22,11.4,0.0,0.0,21.66,0.0,0.42
" Noodles, instant, chicken curry, with seasoning, uncooked ", Packet (85g) ,0.0,9.0,56.1,3.4,0.26,384.78,0.37,5.1,0.0,1.79,0.0,8.42,58.65,0.0,6.12,0.0,1500.0,0.0,0.0,0.0,13.86,58.65,0.0,0.0,8.16,0.0,0.0
" Noodles, laksa, thick, dried ", Piece (128g) ,0.0,11.52,100.1,0.0,2.3,443.9,3.07,0.04,44.8,0.13,12.8,10.24,0.0,0.05,0.04,0.0,1.28,95.62,2.18,0.01,0.26,0.0,0.0,0.0,17.15,0.0,0.64
" Noodles, laksa, thick, wet ", Cup (118g) ,0.0,4.72,45.08,0.0,0.47,182.75,0.35,0.05,5.9,0.01,20.06,0.24,0.0,0.05,0.05,0.0,22.42,42.01,0.94,0.0,0.12,0.0,0.0,0.0,72.33,0.0,0.59
" Noodles, with prawn, tofu and vegetables, soup ", Bowl-soup (16 and 1/2 cm) (741.95g) ,922.24,457.04,41.92,79.76,8.98,474.11,10.91,8.53,197.36,4.53,388.78,26.41,-7.42,0.29,8.24,2247.37,1415.64,36.87,5.05,0.16,22.33,153.58,-7.42,0.0,617.75,0.0,6.31
" Omelette, oyster ", 1 portion (262g) ,146.72,85.15,33.54,366.8,0.0,668.1,6.29,20.17,0.0,7.86,0.0,18.6,314.4,0.0,20.7,0.0,772.9,0.0,0.0,0.0,51.09,337.98,0.0,0.0,154.58,0.0,0.0
 Otak , Piece (29g) ,15.08,25.81,1.22,15.08,0.81,28.42,1.04,0.12,0.0,0.06,0.0,1.68,0.0,0.0,1.57,0.0,202.71,0.0,0.0,0.0,1.86,2.61,0.0,0.0,23.49,0.0,0.0
" Otak, shrimp ", Piece (40g) ,26.0,55.76,4.15,17.76,0.38,62.72,0.6,0.52,38.88,0.14,90.56,4.02,3.76,0.12,2.52,16.48,210.88,2.41,1.74,0.09,3.34,8.08,0.0,0.0,27.02,0.0,0.2
" Otak, sotong ", Piece (32g) ,67.84,9.28,2.5,19.52,0.54,55.68,0.51,0.45,37.76,0.23,104.0,3.84,16.64,0.03,2.34,0.1,188.16,0.77,0.93,0.02,3.39,27.84,-0.32,0.0,21.73,0.0,0.22
" Oven Roasted Chicken Breast Salad, Subway ", Bowl-dessert (15 cm) (358g) ,0.0,60.86,10.99,50.12,4.01,136.04,1.79,0.81,279.24,0.67,733.9,17.9,10.74,0.21,0.72,25.42,282.82,0.0,5.01,0.18,2.61,85.92,28.64,0.0,311.64,0.0,1.47
 Pandan chiffon cake , Slice (41g) ,0.0,20.09,14.72,43.05,0.9,135.26,0.62,2.13,76.26,0.53,62.73,3.32,59.45,0.2,3.16,1.52,74.21,5.62,9.1,0.01,7.01,59.45,0.0,0.0,14.64,0.0,0.29
 Paru goreng , Plate-16cm (49g) ,49.0,10.78,0.0,130.83,0.0,120.39,10.58,3.09,133.28,0.64,116.62,12.99,4.41,0.59,2.01,33.17,258.23,0.0,0.0,0.03,7.6,12.74,0.0,0.0,27.39,0.0,1.47
" Paste, hainanese chicken rice ", Bottle (203g) ,0.0,24.36,31.26,0.0,3.25,714.56,1.02,15.23,127.89,34.67,290.29,7.11,2.03,0.08,12.26,0.0,8696.52,26.39,2.23,0.41,62.32,2.03,0.0,0.0,81.61,0.0,0.41
" Paste, laksa, commercial ", Bottle (270g) ,1552.5,626.4,26.19,91.8,8.1,982.8,6.75,30.92,631.8,12.77,639.9,27.81,0.0,0.38,36.29,0.0,6169.5,4.86,12.15,0.05,85.05,259.2,0.54,0.0,114.48,0.0,1.35
" Paste, mee rebus ", Bottle (225g) ,24.75,488.25,24.75,54.0,11.25,821.25,4.28,23.65,427.5,21.67,688.5,25.65,0.0,0.23,20.52,1.13,8550.0,12.15,1.58,0.05,69.08,4.5,0.0,0.0,87.3,0.0,2.03
" Paste, mee siam, commercial ", Bottle (365g) ,711.75,354.05,103.66,43.8,0.37,938.05,5.11,19.6,503.7,12.26,916.15,8.03,511.0,0.4,20.37,0.0,9760.1,33.58,66.8,0.26,54.75,627.8,0.0,0.0,173.74,0.0,1.46
 Peanut kueh tutu , Piece (25g) ,0.0,2.5,13.93,0.0,0.35,80.19,0.15,0.7,0.0,0.65,0.0,1.88,0.0,0.0,0.4,0.0,0.75,0.0,0.0,0.0,1.85,0.0,0.0,0.0,7.0,0.0,0.0
 Penang laksa , Bowl-soup (16 and 1/2 cm) (629g) ,616.42,79.14,64.55,66.28,3.71,381.08,3.53,0.93,0.0,0.92,0.0,20.62,14.78,0.0,1.87,0.0,3352.98,0.7,16.22,0.0,4.47,118.44,0.0,0.0,517.65,0.0,0.0
 Penang prawn noodle , Bowl-soup (16 and 1/2 cm) (685g) ,0.0,95.9,70.56,27.4,5.48,527.45,1.37,3.15,191.8,1.51,383.6,32.88,0.0,0.14,3.77,0.0,2144.05,63.02,7.54,0.21,8.91,0.0,0.0,0.0,555.54,0.0,1.37
 Pig's liver soup , Bowl-soup (16 and 1/2 cm) (463g) ,92.6,32.41,1.39,277.8,1.39,171.31,9.72,1.9,402.81,0.46,430.59,26.85,15829.97,2.64,3.66,97.69,1342.7,0.0,1.39,0.51,6.48,15848.49,1.39,0.0,420.87,0.0,6.02
 Plain roti prata , Piece (60g) ,0.0,10.8,19.5,0.0,1.32,162.6,0.96,2.81,35.4,0.92,46.8,5.1,2.4,0.0,3.38,2.04,260.4,17.16,2.34,0.17,7.14,2.4,0.0,0.0,17.22,0.0,0.3
" Pop corn, durian flavoured ", Packet (30g) ,43.8,5.4,25.92,0.0,2.55,114.0,0.45,0.06,21.3,0.03,25.5,2.07,9.0,0.05,0.16,0.0,84.6,23.1,0.27,0.02,0.24,16.2,0.87,0.0,1.44,0.0,0.0
 Popiah , Whole (139.89g) ,72.74,72.74,14.27,44.76,4.06,187.57,1.96,4.06,99.32,1.54,204.24,7.55,15.39,0.27,3.64,1.01,675.67,9.37,4.9,0.03,11.19,27.98,0.0,0.0,90.93,0.0,0.7
" Popiah circular shape, skin only ", Piece (8g) ,2.0,1.12,5.45,0.0,0.11,25.2,0.08,0.01,0.0,0.01,8.4,0.59,0.0,0.0,0.04,0.1,36.72,4.71,0.58,0.24,0.11,0.4,0.0,0.0,1.58,0.0,0.03
 Popiah skin , Piece (10g) ,0.0,6.0,4.57,0.0,0.22,22.71,0.14,0.01,0.0,0.03,0.0,0.84,0.0,0.0,0.01,0.0,8.0,0.0,0.0,0.0,0.1,0.0,0.0,0.0,1.97,0.0,0.0
" Pork satay, with satay sauce ", Piece (29g) ,0.0,6.93,4.5,24.65,0.87,71.32,0.44,1.54,0.0,0.81,0.0,3.92,0.0,0.0,1.42,0.0,105.85,0.0,0.0,0.0,4.15,0.0,0.0,0.0,15.66,0.0,0.0
 Potato curry puff , Piece (107g) ,25.68,20.33,37.34,0.0,2.46,331.7,1.93,6.79,50.29,2.47,216.14,5.14,0.0,0.03,8.61,1.5,430.14,32.53,4.82,0.07,17.98,4.28,0.0,0.0,42.59,0.0,0.96
 Prawn cocktail , Plate-16cm (119g) ,0.0,29.75,7.14,102.34,0.12,145.18,1.79,4.05,0.0,3.33,119.0,9.64,0.0,0.06,0.71,0.0,987.7,0.0,7.14,0.04,8.81,0.0,3.57,0.0,92.23,0.0,0.95
 Prawn noodles soup , Bowl-soup (16 and 1/2 cm) (574g) ,0.01,103.32,49.36,40.18,4.02,293.58,1.72,0.57,0.0,0.57,0.0,18.94,0.01,0.0,1.15,0.0,2422.28,0.0,0.0,0.0,2.3,0.01,0.0,0.0,493.64,0.0,0.0
 Pulut hitam with coconut milk , Packet (418g) ,4.18,20.9,70.64,0.0,2.51,397.1,0.84,0.84,142.12,0.42,229.9,4.18,0.0,0.04,8.9,0.0,33.44,18.81,51.83,0.13,11.29,0.0,0.0,0.0,331.89,0.0,0.84
" Pulut hitam, served with coconut milk ", Bowl-soup (16 and 1/2 cm) (425.2g) ,0.0,17.01,75.69,0.0,11.91,328.25,0.85,0.0,0.0,0.0,0.0,3.4,0.0,0.0,0.0,0.0,0.0,0.0,0.0,0.0,1.28,0.0,0.0,0.0,340.16,0.0,0.0
" Red rice porridge, plain ", Bowl-rice (11and 1/2 cm) (256g) ,0.0,7.68,15.1,0.0,1.02,74.24,0.51,0.26,64.0,0.2,43.52,2.3,0.0,0.0,0.15,35.84,7.68,15.1,0.0,0.08,0.51,0.0,0.0,0.0,233.98,0.0,0.51
 Rendang hati ayam , Plate-16cm (126g) ,0.0,109.62,0.5,365.4,2.77,236.7,8.69,5.54,349.02,1.76,292.32,26.59,8348.76,3.91,6.17,72.58,553.14,0.38,0.13,0.25,14.24,8348.76,1.26,0.0,78.75,0.0,3.15
" Rice porridge, fish, dry ", Packet (63g) ,10.71,13.23,48.13,0.0,0.19,219.18,0.57,0.0,80.01,0.0,18.9,6.24,19.53,0.13,0.0,0.0,294.21,48.13,0.0,0.03,0.19,21.42,0.82,0.0,4.16,0.0,0.0
" Roast Beef Salad, Subway ", Bowl-dessert (15 cm) (344g) ,0.0,0.0,13.0,25.8,3.99,120.4,0.0,0.0,0.0,0.0,0.0,10.32,0.0,0.0,0.89,0.0,282.08,0.0,4.99,0.0,2.79,0.0,0.0,0.0,0.0,0.0,0.0
 Roasted duck rice , Bowl-soup (16 and 1/2 cm) (410g) ,4.85,28.6,99.75,91.61,0.96,736.27,4.84,10.05,177.62,3.31,278.9,28.57,32.04,0.5,8.75,27.9,707.36,92.19,6.41,0.39,24.17,32.84,5.48,0.0,259.12,0.0,2.2
 Roti john , Whole (252.5g) ,303.0,89.13,77.01,242.4,11.36,722.38,4.55,11.87,0.0,3.03,0.0,25.25,242.4,0.0,18.18,0.0,2014.95,0.0,0.0,0.0,34.59,292.9,0.0,0.0,108.58,0.0,0.0
" Salad with 3 vegetable toppings, no dressing ", Bowl-soup (16 and 1/2 cm) (253g) ,6522.34,88.8,7.59,0.0,4.3,58.19,1.77,0.38,0.0,0.68,0.0,4.05,0.0,0.0,0.25,0.0,326.37,1.01,6.58,0.0,1.37,1087.9,21.76,0.0,230.48,0.0,0.0
" Salad with chicken and 3 vegetable toppings, no dressing ", Bowl-soup (16 and 1/2 cm) (308g) ,880.88,87.78,5.85,0.0,6.78,147.84,1.66,1.6,0.0,1.32,0.0,21.56,56.36,0.0,1.17,0.0,517.44,0.62,5.24,0.0,4.13,202.97,22.79,0.0,265.5,0.0,0.0
" Salad with chicken and 4 vegetable toppings, no dressing ", Bowl-soup (16 and 1/2 cm) (342g) ,978.12,94.05,8.89,0.0,8.21,177.84,1.88,2.12,0.0,1.71,0.0,23.26,42.41,0.0,1.54,0.0,595.08,1.71,7.18,0.0,5.37,205.2,22.23,0.0,293.09,0.0,0.0
" Salad with fish and 3 vegetable toppings, no dressing ", Bowl-soup (16 and 1/2 cm) (272g) ,1272.96,87.04,5.98,0.0,5.44,114.24,1.88,2.04,0.0,1.5,0.0,12.24,51.95,0.0,0.9,0.0,892.16,0.54,5.44,0.0,4.52,263.84,17.95,0.0,237.73,0.0,0.0
" Salad, ocean chef, Long John Silver's ", 1 portion (320g) ,0.0,160.0,13.12,64.0,1.92,230.98,12.48,1.92,0.0,4.8,0.0,26.88,0.0,0.0,0.96,0.0,985.6,0.0,0.0,0.0,8.0,0.0,0.0,0.0,268.8,0.0,0.0
" Salad, seafood, Long John Silver's ", 1 portion (325g) ,0.0,162.5,14.95,78.0,1.3,290.51,12.68,5.2,0.0,12.03,0.0,13.0,0.0,0.0,2.28,0.0,734.5,0.0,0.0,0.0,20.48,0.0,0.0,0.0,276.25,0.0,0.0
" Salad, vegetable, tossed, without dressing ", Cup (138g) ,0.0,17.94,2.24,0.0,2.21,22.08,0.87,0.0,53.82,0.04,237.36,1.73,0.0,0.07,0.01,0.55,35.88,0.0,0.0,0.04,0.1,157.32,32.02,0.0,131.8,0.0,0.29
" Sandwiches and burgers, roast beef sandwich with cheese ", Whole (118g) ,0.0,122.72,30.42,51.92,0.0,317.42,3.39,2.45,269.04,2.35,231.28,21.61,38.94,0.31,6.05,23.01,1095.04,0.0,0.0,0.26,12.07,38.94,0.0,0.0,51.33,0.0,3.6
 Sardine curry puff , Piece (82g) ,31.98,49.2,25.26,18.86,2.21,255.84,1.07,5.74,79.54,1.48,137.76,6.81,4.92,0.26,6.4,20.5,332.1,22.71,2.54,0.07,14.19,10.66,0.0,0.0,29.85,0.0,0.25
 Satay bee hoon , Plate-20cm (664g) ,2240.7,187.82,48.09,123.55,7.22,727.04,9.82,14.64,497.66,7.36,882.6,42.98,97.79,1.03,9.0,51.15,2922.4,30.75,10.93,0.51,39.44,337.88,15.06,0.0,516.3,0.0,4.37
 Satay sauce , Tablespoon (29g) ,8.12,7.6,3.13,0.0,0.94,77.43,0.41,2.73,26.68,1.45,54.52,1.65,0.0,0.07,2.03,21.87,137.75,0.29,2.84,0.01,6.47,1.35,0.03,0.0,17.9,0.0,0.21
" Satay, beef, frozen ", Stick (16g) ,0.0,3.36,3.02,6.99,0.08,29.92,0.46,0.26,26.4,0.08,42.56,3.02,0.96,0.02,0.22,0.8,50.24,0.13,2.75,0.02,0.64,0.96,0.0,0.0,9.06,0.0,0.78
" Satay, chicken, canned ", Can (299g) ,71.76,140.53,22.72,137.54,2.39,633.88,0.9,18.45,505.31,7.83,2502.63,37.67,35.88,0.09,14.77,5.38,4063.41,7.77,14.95,0.03,43.65,47.84,0.3,0.0,191.06,0.0,1.79
" Satay, chicken, frozen ", Stick (14g) ,0.0,2.24,2.38,8.18,0.07,27.02,0.2,0.31,28.7,0.12,45.92,2.84,2.1,0.01,0.21,0.0,57.96,0.1,2.17,0.03,0.7,2.1,0.0,0.0,7.87,0.0,0.15
" Satay, mutton, frozen ", Stick (14g) ,0.0,3.08,2.25,7.74,0.06,29.96,0.41,0.46,23.1,0.07,33.74,2.59,0.0,0.02,0.49,0.0,42.98,0.08,2.04,0.03,1.18,0.0,0.0,0.0,7.77,0.0,0.48
" Sauce, BBQ, McDonalds' ", Piece (1g) ,2.87,0.41,0.38,0.0,0.0,1.56,0.01,0.01,0.2,0.01,1.7,0.01,0.0,0.0,0.0,0.0,10.63,0.0,0.0,0.0,0.02,0.48,0.06,0.0,0.81,0.0,0.0
" Sauce, chee cheong fun ", Bowl-rice (11and 1/2 cm) (114g) ,25.08,19.38,44.92,0.0,0.0,240.54,2.05,4.56,11.4,0.98,50.16,1.71,1.14,0.0,2.19,3.19,1047.66,7.98,36.59,0.22,6.04,5.7,0.57,0.0,58.71,0.0,0.23
" Sausage, cocktail, chicken, boiled ", Gram (75g) ,8.25,16.5,0.0,69.0,0.0,147.0,1.12,2.24,151.5,2.03,223.5,17.92,8.25,0.19,1.7,0.0,498.75,0.0,0.0,0.06,7.83,19.5,0.53,17.25,48.8,0.0,2.91
 Sayur lodeh , Bowl-soup (16 and 1/2 cm) (234g) ,121.68,74.88,1.64,9.36,2.57,152.68,1.4,2.57,933.66,1.4,262.08,6.55,0.0,0.14,8.89,0.0,1099.8,1.64,0.0,0.09,13.34,21.06,0.0,0.0,203.81,0.0,0.47
 Shrimp chee cheong fun , Piece (98g) ,0.0,13.72,15.48,26.46,1.27,159.74,0.0,3.72,31.36,1.27,22.54,4.51,0.0,0.16,3.53,0.59,328.3,15.39,0.1,0.08,8.92,0.0,0.0,0.0,64.88,0.0,0.0
 Soto ayam , Bowl-soup (16 and 1/2 cm) (569g) ,0.01,62.59,17.64,17.07,7.97,218.95,4.55,3.41,176.39,1.71,523.48,19.35,0.01,0.4,2.85,127.46,2418.25,11.38,6.26,0.11,7.97,0.01,0.0,0.0,488.77,0.0,2.85
" Soup, pig's liver , chinese spinach ", Bowl-soup (16 and 1/2 cm) (216.46g) ,478.38,43.29,0.43,43.29,0.43,75.76,1.95,1.6,88.75,1.13,259.75,8.44,3593.24,0.58,1.52,8.87,361.49,0.43,0.0,0.26,4.55,3673.33,1.52,0.0,200.66,0.0,0.87
 Spicy cucumber salad with coconut milk , Plate-20cm (98g) ,52.92,20.58,5.1,0.0,1.96,64.68,0.29,0.26,36.26,0.08,142.1,0.59,0.98,0.06,4.08,0.2,660.52,0.0,2.35,0.02,4.7,9.8,7.84,0.0,85.65,0.0,0.2
" Subway Club Salad, Subway ", Bowl-dessert (15 cm) (377g) ,0.0,0.0,14.25,35.44,4.0,150.8,0.0,0.0,0.0,0.0,0.0,18.85,0.0,0.0,1.09,0.0,848.25,0.0,5.99,0.0,3.51,0.0,0.0,0.0,0.0,0.0,0.0
 Sup tulang , Bowl-soup (16 and 1/2 cm) (934g) ,85.93,573.48,28.49,84.99,13.64,458.59,2.24,10.27,3195.21,0.75,669.68,43.8,37.36,0.5,7.01,126.09,3601.5,12.33,16.16,0.01,18.87,20.55,0.01,0.0,813.7,0.0,4.76
 Sushi roll , Piece (40g) ,24.47,28.3,10.66,0.0,0.79,46.91,1.06,0.01,22.29,0.02,127.18,0.83,0.0,0.03,0.01,1.09,236.51,8.33,2.06,0.0,0.1,4.1,0.15,0.0,27.04,0.0,0.06
" Sushi, california roll ", Piece (40g) ,41.52,9.2,8.92,19.52,0.47,54.64,0.0,0.44,19.2,0.5,31.16,1.68,16.24,0.08,0.36,16.72,185.72,7.43,1.49,0.02,1.36,23.16,0.24,0.0,25.31,0.0,0.12
" Sushi, raw tuna, roll ", Piece (18g) ,49.91,2.21,3.57,0.0,0.2,18.68,0.02,0.0,14.71,0.0,25.52,0.9,11.21,0.01,0.0,5.44,48.33,3.38,0.19,0.0,0.09,19.53,0.13,0.0,10.63,0.0,0.06
" Sushi, roll, cucumber ", Piece (16g) ,26.24,2.06,4.9,0.0,0.09,22.03,0.0,0.0,4.94,0.0,12.64,0.44,7.17,0.02,0.0,3.33,54.83,4.03,0.87,0.0,0.08,11.54,0.13,0.0,9.94,0.0,0.05
" Sushi, roll, futomaki ", Piece (52g) ,118.66,11.96,14.33,22.15,0.54,72.85,0.0,0.32,20.75,0.14,30.26,1.95,27.66,0.05,0.22,34.53,228.12,11.56,2.77,0.0,0.86,47.44,0.16,0.0,31.61,0.0,0.16
" Sushi, tuna salad ", Piece (36g) ,93.92,8.96,10.61,4.82,0.54,77.08,0.08,0.86,24.95,1.31,30.89,2.68,20.59,0.09,0.37,18.72,138.6,9.49,1.12,0.02,2.66,36.24,0.25,0.0,20.18,0.0,0.2
" Sweet Onion Chicken Teriyaki Salad, Subway ", Bowl-dessert (15 cm) (401g) ,0.0,68.17,24.98,48.12,4.01,204.51,2.01,0.96,312.78,0.79,822.05,20.05,12.03,0.24,0.8,28.47,669.67,0.0,17.0,0.2,3.09,96.24,32.08,0.0,349.07,0.0,1.64
 Sweet potato ondeh ondeh , Piece (110.44g) ,0.0,22.09,26.06,0.0,3.42,176.7,1.21,0.43,44.18,0.09,265.06,1.44,0.0,0.01,6.54,5.63,88.35,9.28,16.68,0.06,7.51,0.0,3.42,0.0,66.26,0.0,0.22
 Thai chicken feet salad , Plate-16cm (284g) ,0.0,73.84,23.57,22.72,4.54,221.52,1.42,2.84,51.12,0.85,213.0,19.03,82.36,0.43,1.42,57.08,1692.64,0.0,23.57,0.09,5.68,82.36,5.68,0.0,234.58,0.0,0.0
 Thai mango salad , Plate-20cm (263g) ,825.82,53.39,47.6,0.0,5.52,397.13,2.08,8.65,0.0,5.44,0.0,8.94,0.0,0.0,4.63,0.0,1893.6,2.89,44.71,0.0,18.91,137.55,11.05,0.0,171.21,0.0,0.0
 Thunder Tea Rice with Soup , 1 portion (428g) ,992.96,211.0,57.78,0.0,15.41,642.0,4.02,13.78,0.0,9.89,0.0,26.54,0.0,0.0,10.19,0.0,1335.36,57.78,0.0,0.0,33.94,165.64,1.28,0.0,292.75,0.0,0.0
 Traditional ondeh ondeh , Piece (50g) ,46.5,9.0,22.25,0.0,1.25,136.0,0.6,0.73,23.5,0.2,120.0,1.35,0.0,0.02,3.78,0.0,38.0,16.05,6.2,0.02,5.0,7.5,0.0,0.0,21.95,0.0,0.1
" Tuna, salad, with thousand island dressing, canned ", Can (176g) ,61.6,86.24,10.56,33.44,3.52,244.64,2.46,2.9,339.68,2.8,550.88,23.76,73.92,0.14,5.6,8.27,818.4,3.87,5.98,0.02,12.14,84.48,0.18,0.0,127.42,0.0,1.41
" Turkey Breast Salad, Subway ", Bowl-dessert (15 cm) (344g) ,0.0,0.0,13.0,20.64,3.99,110.08,0.0,0.0,0.0,0.0,0.0,10.32,0.0,0.0,0.52,0.0,574.48,0.0,4.99,0.0,2.2,0.0,0.0,0.0,0.0,0.0,0.0
 Turtle soup , Bowl-soup (16 and 1/2 cm) (424g) ,0.0,41.55,6.36,135.68,0.0,166.2,5.51,-4.24,0.0,-4.24,0.0,29.26,0.0,0.0,-4.24,0.0,1161.76,0.0,0.0,0.0,2.54,0.0,0.0,0.0,381.6,0.0,0.0
 Vadai with kacang hitam , Piece (60g) ,13.32,23.46,10.51,0.0,2.99,131.36,1.03,3.26,89.09,0.71,240.61,5.03,0.0,0.03,3.38,4.94,390.39,10.09,0.41,0.07,7.69,2.22,0.0,0.0,31.14,0.0,0.68
" Vadai, kacang dal kuning ", Piece (50g) ,57.0,23.0,11.6,0.0,3.7,150.93,1.15,3.45,87.5,1.5,25.5,6.2,0.0,0.29,3.55,66.55,264.5,11.05,0.55,0.09,8.85,9.5,0.0,0.0,17.0,0.0,1.05
 Vegetable briyani , Plate-20cm (239.3g) ,1823.47,50.25,46.18,55.04,5.03,335.02,0.0,4.02,90.93,0.5,275.2,6.94,174.69,0.05,8.59,26.08,612.61,42.36,3.83,0.1,13.64,478.6,0.0,0.0,163.68,0.0,1.2
 Vegetarian brown rice porridge , 1 portion (470g) ,0.0,28.44,36.43,0.0,4.42,211.5,0.89,1.18,169.2,1.27,167.79,7.76,0.0,0.05,0.89,-4.7,1088.52,36.66,0.0,0.14,3.9,0.0,0.0,0.0,410.78,0.0,1.08
 Vegetarian fried bee hoon , Plate-23cm (362g) ,72.4,50.68,82.9,0.0,8.33,548.54,2.9,4.71,0.0,2.9,0.0,15.93,0.0,0.0,7.96,0.0,1538.5,0.0,0.0,0.0,16.65,10.86,0.0,0.0,238.92,0.0,0.0
" Veggie Delite Salad, Subway ", Bowl-dessert (15 cm) (287g) ,0.0,37.31,9.99,0.0,3.99,54.53,1.81,0.06,111.93,0.49,493.64,2.87,0.0,0.14,0.2,1.15,74.62,0.0,4.99,0.09,1.0,163.59,66.58,0.0,274.11,0.0,0.6
" Yong tau foo, beancurd skin, deep fried ", Piece (8g) ,0.0,9.22,0.18,0.0,0.1,57.36,0.64,2.02,28.47,1.0,34.97,1.97,1.29,0.02,2.16,4.64,11.02,0.1,0.08,0.0,5.41,1.29,0.0,0.0,0.18,0.0,0.19
" Yong tau foo, bittergourd with fish paste, boiled ", Piece (23g) ,8.05,11.27,0.35,2.07,0.3,9.43,0.41,0.05,8.51,0.0,14.26,1.59,3.68,0.02,0.09,0.6,73.14,0.35,0.0,0.01,0.21,5.06,1.61,0.0,20.49,0.0,0.12
" Yong tau foo, chilli sauce ", Dessertspoon (49g) ,375.83,43.12,2.21,0.0,0.98,63.7,1.67,0.0,27.93,0.0,75.95,1.52,0.0,0.13,0.0,1.08,683.55,0.29,1.91,0.0,5.44,62.72,0.0,0.0,34.64,0.0,0.0
" Yong tau foo, eggplant with fish paste ", Piece (29g) ,0.0,5.51,0.58,0.87,0.49,31.32,0.2,0.81,9.28,0.23,49.3,0.96,0.0,0.03,0.93,0.38,70.47,0.26,0.35,0.01,2.81,0.0,0.0,0.0,24.48,0.0,0.0
" Yong tau foo, fishmeat wrapped with taukee ", Piece (9g) ,0.0,4.32,0.06,0.27,0.1,20.34,0.17,0.6,11.16,0.35,6.12,1.15,0.45,0.02,0.69,0.25,49.95,0.06,0.0,0.0,1.72,0.45,0.0,0.0,6.1,0.0,0.07
" Yong tau foo, mixed items, noodles not included ", Bowl-soup (16 and 1/2 cm) (324g) ,388.8,239.76,21.71,90.72,9.07,306.65,7.78,4.54,0.0,3.56,0.0,19.76,0.0,0.0,6.8,0.0,1733.4,0.0,0.0,0.0,15.55,64.8,0.0,0.0,255.96,0.0,0.0
" Yong tau foo, okra with fish paste ", Piece (24g) ,25.68,9.36,0.1,0.72,0.31,4.8,0.74,0.07,32.64,0.02,31.92,0.65,5.04,0.01,0.07,0.34,32.64,0.1,0.0,0.0,0.22,9.12,0.0,0.0,21.98,0.0,0.1
" Yong tau foo, pork skin, deep fried ", Piece (19g) ,0.0,3.06,0.0,1.05,0.0,27.15,0.0,0.75,1.69,0.21,2.64,2.78,0.0,0.02,0.73,3.69,22.72,0.0,0.0,0.0,1.78,0.0,0.0,0.0,14.95,0.0,0.0
" Yong tau foo, red chilli with fish ", Piece (16g) ,367.2,4.48,0.35,2.72,0.51,7.52,0.06,0.05,7.52,0.05,26.88,1.07,29.12,0.05,0.06,0.43,71.04,0.13,0.21,0.0,0.19,90.4,3.2,0.0,13.52,0.0,0.03
" Yong tau foo, red sauce ", Tablespoon (16.67g) ,0.0,8.17,3.78,0.0,0.33,22.75,0.38,0.0,3.17,0.0,3.33,0.37,0.0,0.04,0.0,0.58,267.55,0.0,3.78,0.0,0.68,0.0,0.0,0.0,9.37,0.0,0.07
" Yong tau foo, squid roll ", Piece (10g) ,0.0,3.65,0.55,1.27,0.12,11.06,0.0,0.14,6.39,0.04,1.71,1.26,0.0,0.01,0.21,4.48,67.21,0.37,0.18,0.01,0.43,0.0,0.0,0.0,7.38,0.0,0.01
" Yong tau foo, taupok with fish paste ", Piece (17g) ,0.0,24.82,0.05,9.69,0.15,35.36,0.48,0.97,38.42,0.82,18.02,2.31,1.53,0.03,0.95,0.14,40.8,0.05,0.0,0.0,2.87,1.53,0.0,0.0,11.97,0.0,0.26
" Yong tau foo, tofu with fish paste ", Piece (47g) ,0.0,71.44,0.09,0.47,0.56,63.45,1.18,1.03,114.21,2.07,31.96,7.19,7.52,0.06,0.66,0.66,70.5,0.09,0.0,0.02,3.81,7.52,0.0,0.0,34.55,0.0,0.71
 You tiao , Stick (74g) ,0.0,15.54,36.26,0.0,0.96,284.93,0.52,1.26,0.0,0.37,0.0,6.14,0.0,0.0,10.58,0.0,601.62,0.0,0.0,0.0,12.73,0.0,0.0,0.0,17.02,0.0,0.0
